node_name,voltA_real,voltA_imag,voltB_real,voltB_imag,voltC_real,voltC_imag
node1,7199.558,0,-3599.779,-6235,-3599.779,6235
node2,7106.433414,-42.070433,-3606.909938,-6161.633834,-3520.346536,6189.717037
node3,2242.751866,-144.808638,-1251.276661,-1892.208954,-1002.847471,2020.699471
load4,1893.784157,-302.431929,-1277.970169,-1617.292157,-705.211048,1850.991415
